Sample,Raw_Reads,On-Target_Reads,%On-Target,%GT,IFI,Oki_101419-103-27,Oki_101419-103-44,Oki_105105-245-23,Oki_105105-245-56,Oki_106172-60-38,Oki_106172-60-47,Oki_106172-60-47c,Oki_106172-60-53,Oki_111681-407-38,Oki_120255mod-105,Oki_120255mod-113,Oki_120255mod-115,Oki_120255mod-119,Oki_120255mod-120,Oki_120255mod-133,Oki_120255mod-135,Oki_120255mod-137,Oki_120255mod-141,Oki_120255mod-99,Oki_126619-265-31,Oki_126619-265-35,Oki_126619-265-50,Oki_RAD41030-31-36,Oki_RAD41030-31-37,Oki_RAD41030-31-41,Oki_RAD41030-31-55,Oki_RAD51585-47-25,Oki_RAD51585-47-28,Oki_RAD51585-47-31,Oki_aspAT-273-37,Oki_aspAT-273-45,Omy_RAD13034-67-21,Omy_RAD13034-67-35,Omy_RAD79314-58-25,Omy_RAD79314-58-27,Omy_RAD79314-58-31,Omy_RAD79314-58-66,Omy_myclarp404-111,One_1a.54542-52-44,One_1a.54542-52-47,One_2.70711-39-28,One_2.70711-39-30,One_2.70711-39-43,One_2.70711-39-56,One_2.70711-39-57,One_2.70711-39-64,Ots10_21244146,Ots11_11925999,Ots11_32418659,Ots11_32468959,Ots12_23066874,Ots14_5453033,Ots15_18157381,Ots17_1486479_C6,Ots17_22360456,Ots17_885364,Ots18_29943476,Ots18_30099101,Ots18_32088284,Ots18_3417174,Ots18_3426299,Ots18_3541813,Ots18_3550047,Ots19_46172133,Ots19_46172427,Ots1_72858599,Ots22_32650802,Ots28_11023212,Ots28_11025336,Ots28_11033282,Ots28_11062192,Ots28_11070757,Ots28_11071377,Ots28_11072994,Ots28_11073102,Ots28_11073668,Ots28_11075348,Ots28_11075712,Ots28_11077016,Ots28_11077172,Ots28_11077576,Ots28_11095755,Ots28_11143508,Ots28_11160599,Ots28_11164637,Ots28_11186543,Ots28_11201129,Ots28_11202190,Ots28_11202400,Ots28_11202863,Ots28_11205423,Ots28_11205993,Ots28_11206740,Ots28_11207428,Ots28_11210919,Ots29_18791740,Ots29_23344676,Ots2_38264269,Ots2_42405643,Ots30_17330452,Ots30_17330688,Ots33_19359879,Ots3_34894254,Ots3_57055518,Ots4_40942276,Ots4_41638710,Ots4_42378741,Ots4_64978818,Ots5_44795073,Ots5_70908626,Ots6_10904949,Ots6_33505144,Ots7_50997124,Ots7_51409415,Ots7_53291035,Ots7_53631522,Ots7_54212944,Ots9_16115048,Ots9_28975221,Ots_100884-287,Ots_101119-381,Ots_101554-407,Ots_101704-143,Ots_102213-210,Ots_102414-395,Ots_102457-132,Ots_102801-308,Ots_102867-609,Ots_103041-52,Ots_103122-180,Ots_104063-132,Ots_104415-88,Ots_105105-613,Ots_105132-200,Ots_105385-421,Ots_105401-325,Ots_105407-117,Ots_106313-729,Ots_106419b-618,Ots_106499-70,Ots_106747-239,Ots_107074-284,Ots_107285-93,Ots_107607-315,Ots_107806-821,Ots_108007-208,Ots_108390-329,Ots_108735-302,Ots_108820-336,Ots_109525-816,Ots_109693-392,Ots_110064-383,Ots_110201-363,Ots_110381-164,Ots_110495-380,Ots_110551-64,Ots_110689-218,Ots_111084b-619,Ots_111681-657,Ots_112208-722,Ots_112301-43,Ots_112419-131,Ots_112820-284,Ots_112876-371,Ots_113242-216,Ots_113457-40R,Ots_115987-325,Ots_117242-136,Ots_117259-271,Ots_117370-471,Ots_117432-409,Ots_118175-479,Ots_118205-61,Ots_118938-325,Ots_120950-417,Ots_122414-56,Ots_123048-521,Ots_123921-111,Ots_124774-477,Ots_126619-400,Ots_127236-62,Ots_127760-569,Ots_128302-57,Ots_128693-461,Ots_128757-61R,Ots_129144-472,Ots_129170-683,Ots_129458-451,Ots_129870-55,Ots_130720-99,Ots_131460-584,Ots_131802-393,Ots_131906-141,Ots_94857-232R,Ots_94903-99R,Ots_95442b-204,Ots_96222-525,Ots_96500-180,Ots_96899-357R,Ots_97077-179R,Ots_97660-56,Ots_99550-204,Ots_ARNT,Ots_ARNT-29,Ots_ARNT-29c,Ots_AldB1-122,Ots_AldoB4-183,Ots_AsnRS-60,Ots_BMP2-SNP1,Ots_CCR7,Ots_CD59-2,Ots_CD63,Ots_CHI06027687_143477,Ots_CHI06035945_4547,Ots_CHI06048618_5222,Ots_CHI06105101_16717,Ots_CHI06105101_18523,Ots_CRB211,Ots_Cath_D141,Ots_CirpA,Ots_DDX5-171,Ots_E2-275,Ots_EP-529,Ots_ETIF1A,Ots_EndoRB1-486,Ots_Est1363,Ots_Est740,Ots_FARSLA-220,Ots_FGF6B_1,Ots_GCSH,Ots_GDH-81x,Ots_GH2,Ots_GPDH-338,Ots_GPH-318,Ots_GST-207,Ots_GST-375,Ots_GTH2B-550,Ots_GnRH-271,Ots_HFABP-34,Ots_HMGB1-73,Ots_HSP90B-100,Ots_Hsp90a,Ots_IGF-I.1-76,Ots_IL11,Ots_IL8R_C8,Ots_Ikaros-250,Ots_IsoT,Ots_LWSop-638,Ots_MHC2,Ots_MetA,Ots_Myc-366,Ots_NAML12-SNP1,Ots_NFYB-147,Ots_NOD1,Ots_OTALDBINT1-SNP1,Ots_OTDESMIN19-SNP1,Ots_OTSMTA-SNP1,Ots_OTSTF1-SNP1,Ots_Ostm1,Ots_Ots311-101x,Ots_P450,Ots_P450-288,Ots_P53,Ots_P53-25,Ots_P53-28,Ots_P53-40,Ots_PEMT,Ots_PGK-54,Ots_Prl2,Ots_RAD4543-52,Ots_RAG3,Ots_RAS1,Ots_RFC2-558,Ots_S7-1,Ots_SClkF2R2-135,Ots_SL,Ots_SWS1op-182,Ots_Six6-3_AG,Ots_Six6-3_AT,Ots_TAPBP,Ots_TCTA-58,Ots_TGFB,Ots_TLR3,Ots_TNF,Ots_Thio,Ots_U212-158,Ots_U2305-63,Ots_U2362-227,Ots_U2362-330,Ots_U2446-123,Ots_U2567-104,Ots_U5049-250,Ots_U5121-34,Ots_VGLL3-1,Ots_ZR-575,Ots_afmid-196,Ots_arp-436,Ots_aspat-196,Ots_brp16-64,Ots_cgo24-22,Ots_cox1-241,Ots_crRAD10447-25,Ots_crRAD11620-55,Ots_crRAD12037-39,Ots_crRAD13725-51,Ots_crRAD16540-50,Ots_crRAD17527-58,Ots_crRAD18289-33,Ots_crRAD18492-65,Ots_crRAD18937-60,Ots_crRAD20262-46,Ots_crRAD20376-66,Ots_crRAD20887-70,Ots_crRAD21115-24,Ots_crRAD22960-32,Ots_crRAD23631-48,Ots_crRAD24807-74,Ots_crRAD25367-50,Ots_crRAD255-59,Ots_crRAD26081-28,Ots_crRAD26165-69,Ots_crRAD27164-55,Ots_crRAD27515-69,Ots_crRAD2806-42,Ots_crRAD33491-71,Ots_crRAD34397-33,Ots_crRAD35313-66,Ots_crRAD36072-29,Ots_crRAD36152-44,Ots_crRAD44588-67,Ots_crRAD46081-56,Ots_crRAD46751-42,Ots_crRAD47297-55,Ots_crRAD55400-59,Ots_crRAD55475-26,Ots_crRAD57376-68,Ots_crRAD57520-66,Ots_crRAD57687-34,Ots_crRAD60614-46,Ots_crRAD60620-51,Ots_crRAD61523-71,Ots_crRAD66330-60,Ots_crRAD69327-53,Ots_crRAD73823-60,Ots_crRAD74766-28,Ots_crRAD75581-70,Ots_crRAD76512-28,Ots_crRAD78968-46,Ots_crRAD92420-25,Ots_crRAD9615-69,Ots_crRAD9615-69-19,Ots_crRAD9615-69-50,Ots_hnRNPL-533,Ots_hsc71-3'-488,Ots_hsp27b-150,Ots_mapK-3'-309,Ots_mapKpr-151,Ots_mybp-85,Ots_myo1a-384,Ots_myo1a-384-36,Ots_myo1a-384-57,Ots_myoD-364,Ots_nelfd-163,Ots_nkef-192,Ots_nramp-321,Ots_ntl-255,Ots_parp3-286,Ots_pigh-105,Ots_pop5-96,Ots_ppie-245,Ots_redd1-187,Ots_sept9-78,Ots_slc7a2-71,Ots_stk6-516,Ots_tpx2-125,Ots_trnau1ap-86,Ots_txnip-321,Ots_u07-07.161,Ots_u07-17.135,Ots_u07-18.378,Ots_u07-20.332,Ots_u07-25.325,Ots_u07-49.290,Ots_u07-53.133,Ots_u07-57.120,Ots_u07-64.221,Ots_u1002-75,Ots_u1007-124,Ots_u1008-108,Ots_u202-161,Ots_u211-85,Ots_u4-92,Ots_u6-75,Ots_unk1104-38,Ots_unk1832-39,Ots_unk3513-49,Ots_unk526,Ots_unk7936-50,Ots_unk9480-51,Ots_unk9480-51-38,Ots_unk9480-51-39,Ots_vatf-251,Ots_wenYhap_25067_92,Ots_wenYhap_71572,Ots_zn593-346
Ocl2_BonnevilleCutthroat1,129706,87023,67.09,51.66,0.09,A:A,T:T,T:T,G:G,C:C,A:A,A:A,T:T,C:C,C:C,G:G,G:G,G:G,C:C,T:T,A:A,A:A,A:A,A:A,A:A,A:A,G:G,T:T,G:G,G:G,G:G,C:C,0:0,C:C,C:C,T:T,C:C,T:T,C:C,T:T,G:G,C:C,G:G,C:C,G:G,G:G,T:T,G:G,C:C,G:G,T:T,0:0,0:0,A:A,0:0,A:A,0:0,0:0,0:0,G:G,0:0,0:0,0:0,C:C,0:0,0:0,0:0,G:G,0:0,0:0,0:0,G:G,A:A,A:A,0:0,0:0,0:0,C:C,0:0,0:0,0:0,G:G,0:0,C:C,0:0,0:0,0:0,0:0,0:0,C:C,0:0,0:0,C:C,0:0,0:0,0:0,C:C,C:C,0:0,C:C,G:G,0:0,0:0,0:0,0:0,0:0,0:0,T:T,C:C,0:0,0:0,C:C,C:C,0:0,T:T,0:0,0:0,G:G,C:C,0:0,0:0,A:A,0:0,A:A,T:T,0:0,C:C,0:0,0:0,0:0,0:0,0:0,G:G,G:G,0:0,0:0,C:C,G:G,G:G,0:0,G:G,T:T,A:A,G:G,C:C,C:C,T:T,T:T,C:C,0:0,0:0,0:0,0:0,A:A,C:C,0:0,C:C,A:A,0:0,G:G,0:0,0:0,C:C,T:T,0:0,C:C,0:0,T:T,0:0,C:C,C:C,G:G,G:G,0:0,T:T,G:G,C:C,C:C,C:C,0:0,C:C,0:0,A:A,C:C,0:0,0:0,C:C,C:C,T:T,0:0,A:A,0:0,0:0,T:T,G:G,0:0,C:C,A:A,T:T,0:0,T:T,0:0,0:0,0:0,T:T,T:T,0:0,G:G,A:A,A:A,C:C,T:T,0:0,C:C,0:0,G:G,C:C,0:0,T:T,0:0,C:C,0:0,C:C,0:0,C:C,0:0,0:0,0:0,0:0,G:G,0:0,0:0,G:G,0:0,0:0,-:-,A:A,G:G,C:C,0:0,C:C,G:G,C:C,C:C,T:T,0:0,G:G,0:0,C:C,C:C,G:G,C:C,0:0,0:0,A:A,0:0,0:0,0:0,0:0,T:T,A:A,T:T,T:T,0:0,0:0,T:T,G:G,G:G,G:G,G:G,T:T,0:0,T:T,0:0,T:T,T:T,0:0,0:0,C:C,A:A,G:G,0:0,A:A,A:A,C:C,C:C,0:0,C:C,C:C,0:0,G:G,T:T,0:0,0:0,C:C,G:G,0:0,A:A,C:C,0:0,0:0,0:0,0:0,C:C,0:0,C:C,0:0,0:0,G:G,C:C,0:0,C:C,C:C,0:0,G:G,G:G,0:0,G:G,C:C,0:0,0:0,T:T,T:T,0:0,T:T,0:0,0:0,A:A,C:C,0:0,0:0,G:G,T:T,C:C,C:C,C:C,C:C,0:0,0:0,0:0,0:0,G:G,T:T,G:G,0:0,0:0,G:G,0:0,A:A,G:G,0:0,0:0,0:0,0:0,T:T,T:T,A:A,0:0,0:0,G:G,G:G,0:0,0:0,0:0,T:T,C:C,0:0,0:0,C:C,G:G,0:0,A:A,A:A,C:C,0:0,0:0,0:0,G:G,0:0,C:C,G:G,0:0,C:C,G:G,A:A,C:C,0:0,0:0,0:0,0:0,0:0,0:0,A:A,0:0,0:0,0:0,T:T,0:0,C:C,0:0,0:0,0:0,0:0,0:0,T:T,C:C,G:G,0:0,0:0,0:0,
Ocl2_BonnevilleCutthroat2,86443,57031,65.98,51.10,0.08,A:A,T:T,T:T,G:G,C:C,A:A,A:A,T:T,C:C,C:C,G:G,G:G,G:G,C:C,T:T,A:A,A:A,A:A,A:A,A:A,A:A,G:G,T:T,G:G,G:G,G:G,C:C,0:0,C:C,C:C,T:T,C:C,T:T,C:C,T:T,G:G,C:C,G:G,C:C,G:G,G:G,T:T,G:G,C:C,G:G,T:T,0:0,0:0,A:A,0:0,A:A,0:0,0:0,0:0,G:G,0:0,0:0,0:0,C:C,0:0,0:0,0:0,G:G,0:0,0:0,0:0,G:G,A:A,0:0,0:0,0:0,0:0,C:C,0:0,0:0,0:0,G:G,0:0,C:C,0:0,0:0,0:0,0:0,0:0,C:C,0:0,0:0,C:C,0:0,0:0,0:0,C:C,C:C,0:0,C:C,G:G,0:0,0:0,0:0,0:0,0:0,0:0,T:T,C:C,0:0,0:0,C:C,C:C,0:0,T:T,0:0,0:0,G:G,C:C,0:0,0:0,A:A,0:0,A:A,T:T,0:0,0:0,0:0,0:0,0:0,0:0,0:0,G:G,G:G,0:0,0:0,C:C,G:G,G:G,0:0,G:G,T:T,A:A,G:G,C:C,C:C,T:T,T:T,C:C,0:0,0:0,0:0,0:0,A:A,C:C,0:0,C:C,A:A,0:0,G:G,0:0,0:0,C:C,T:T,0:0,C:C,0:0,T:T,0:0,C:C,C:C,G:G,G:G,0:0,T:T,G:G,C:C,C:C,C:C,0:0,C:C,0:0,A:A,C:C,0:0,0:0,C:C,C:C,T:T,0:0,A:A,0:0,0:0,T:T,G:G,0:0,C:C,A:A,T:T,0:0,T:T,0:0,0:0,0:0,T:T,T:T,0:0,G:G,A:A,A:A,C:C,T:T,0:0,C:C,0:0,G:G,C:C,0:0,T:T,0:0,C:C,0:0,C:C,0:0,C:C,0:0,0:0,0:0,0:0,G:G,0:0,0:0,G:G,0:0,0:0,-:-,A:A,G:G,C:C,0:0,C:C,G:G,C:C,0:0,T:T,0:0,G:G,0:0,C:C,C:C,G:G,C:C,0:0,0:0,A:A,C:C,0:0,0:0,0:0,T:T,A:A,T:T,0:0,0:0,0:0,T:T,G:G,G:G,G:G,G:G,T:T,0:0,T:T,0:0,T:T,T:T,0:0,0:0,C:C,A:A,G:G,0:0,A:A,A:A,C:C,C:C,0:0,C:C,C:C,0:0,G:G,T:T,0:0,0:0,C:C,G:G,0:0,A:A,C:C,0:0,0:0,0:0,0:0,C:C,0:0,C:C,0:0,0:0,G:G,C:C,0:0,C:C,0:0,0:0,G:G,G:G,0:0,G:G,C:C,0:0,0:0,T:T,T:T,0:0,T:T,0:0,0:0,A:A,C:C,0:0,0:0,G:G,T:T,C:C,C:C,C:C,C:C,0:0,0:0,0:0,0:0,G:G,T:T,G:G,0:0,0:0,G:G,0:0,A:A,G:G,0:0,0:0,0:0,0:0,T:T,T:T,A:A,0:0,0:0,G:G,G:G,0:0,C:C,0:0,T:T,C:C,0:0,0:0,C:C,G:G,A:A,A:A,A:A,C:C,C:C,0:0,0:0,G:G,0:0,C:C,G:G,0:0,C:C,G:G,0:0,C:C,0:0,0:0,0:0,0:0,0:0,0:0,A:A,0:0,0:0,0:0,T:T,0:0,C:C,0:0,0:0,0:0,0:0,0:0,T:T,C:C,G:G,0:0,0:0,0:0,
Ocl2_YellowstoneCutthroat1,105427,69722,66.13,52.76,0.10,A:A,T:T,T:T,G:G,C:C,A:A,A:A,T:T,C:C,C:C,G:G,G:G,G:G,C:C,T:T,A:A,A:A,A:A,A:A,A:A,A:A,G:G,T:T,G:G,G:G,G:G,C:C,0:0,C:C,C:C,T:T,C:C,T:T,C:C,T:T,G:G,C:C,G:G,C:C,G:G,G:G,T:T,G:G,C:C,G:G,T:T,A:A,0:0,A:A,0:0,A:A,0:0,0:0,0:0,G:G,0:0,0:0,0:0,C:C,0:0,0:0,0:0,G:G,0:0,0:0,0:0,G:G,A:A,0:0,0:0,0:0,0:0,C:C,0:0,0:0,0:0,G:G,0:0,C:C,0:0,0:0,0:0,0:0,0:0,C:C,0:0,0:0,C:C,0:0,0:0,0:0,C:C,C:C,0:0,C:C,G:G,0:0,0:0,0:0,0:0,0:0,0:0,T:T,C:C,0:0,0:0,C:C,C:C,0:0,T:T,0:0,0:0,G:G,C:C,0:0,0:0,A:A,0:0,A:A,T:T,0:0,C:C,0:0,0:0,0:0,0:0,0:0,G:G,G:G,0:0,0:0,C:C,G:G,G:G,0:0,G:G,T:T,A:A,G:G,C:C,C:C,T:T,T:T,C:C,0:0,0:0,0:0,0:0,A:A,C:C,0:0,C:C,A:A,0:0,G:G,0:0,0:0,C:C,T:T,0:0,C:C,0:0,T:T,0:0,C:C,C:C,G:G,G:G,0:0,T:T,G:G,C:C,C:C,C:C,0:0,C:C,0:0,0:0,C:C,0:0,0:0,C:C,C:C,T:T,0:0,A:A,0:0,0:0,T:T,G:G,0:0,C:C,A:A,T:T,0:0,T:T,0:0,0:0,0:0,T:T,T:T,0:0,G:G,A:A,A:A,C:C,T:T,0:0,C:C,0:0,G:G,C:C,0:0,T:T,0:0,C:C,0:0,C:C,0:0,C:C,0:0,0:0,G:G,0:0,G:G,T:T,0:0,G:G,0:0,0:0,-:-,A:A,G:G,C:C,0:0,C:C,G:G,C:C,0:0,T:T,0:0,G:G,0:0,C:C,C:C,G:G,C:C,0:0,0:0,0:0,C:C,0:0,0:0,0:0,T:T,A:A,T:T,T:T,0:0,0:0,T:T,G:G,G:G,G:G,G:G,T:T,0:0,T:T,0:0,T:T,T:T,0:0,0:0,C:C,A:A,G:G,0:0,A:A,A:A,C:C,C:C,0:0,C:C,0:0,0:0,G:G,T:T,0:0,0:0,C:C,G:G,0:0,A:A,C:C,0:0,0:0,0:0,0:0,C:C,0:0,C:C,0:0,0:0,G:G,C:C,0:0,C:C,C:C,0:0,G:G,G:G,0:0,G:G,0:0,0:0,0:0,T:T,T:T,0:0,T:T,0:0,0:0,A:A,C:C,0:0,0:0,G:G,T:T,C:C,C:C,C:C,C:C,0:0,0:0,0:0,0:0,G:G,T:T,G:G,0:0,0:0,G:G,0:0,A:A,G:G,0:0,0:0,0:0,0:0,T:T,T:T,A:A,0:0,0:0,G:G,G:G,0:0,C:C,0:0,T:T,C:C,G:G,0:0,C:C,G:G,A:A,A:A,A:A,C:C,C:C,0:0,0:0,G:G,0:0,C:C,G:G,0:0,C:C,G:G,A:A,C:C,0:0,0:0,0:0,0:0,0:0,0:0,A:A,T:T,0:0,C:C,T:T,0:0,C:C,0:0,0:0,0:0,0:0,0:0,T:T,C:C,G:G,0:0,0:0,0:0,
Ocl2_YellowstoneCutthroat2,108895,70516,64.76,51.66,0.09,A:A,T:T,T:T,G:G,C:C,A:A,A:A,T:T,C:C,C:C,G:G,G:G,G:G,C:C,T:T,A:A,A:A,A:A,A:A,A:A,A:A,G:G,T:T,G:G,G:G,G:G,C:C,0:0,C:C,C:C,T:T,C:C,T:T,C:C,T:T,G:G,C:C,G:G,C:C,G:G,G:G,T:T,G:G,C:C,G:G,T:T,0:0,0:0,A:A,0:0,A:A,0:0,0:0,0:0,G:G,0:0,0:0,0:0,C:C,0:0,0:0,0:0,G:G,0:0,0:0,0:0,G:G,A:A,0:0,0:0,0:0,0:0,C:C,0:0,0:0,0:0,G:G,0:0,C:C,0:0,0:0,0:0,0:0,0:0,C:C,0:0,0:0,C:C,0:0,0:0,0:0,C:C,C:C,0:0,C:C,G:G,0:0,0:0,0:0,0:0,0:0,0:0,T:T,C:C,0:0,0:0,C:C,C:C,0:0,T:T,0:0,0:0,G:G,C:C,0:0,0:0,A:A,0:0,A:A,T:T,0:0,C:C,0:0,0:0,0:0,0:0,0:0,G:G,G:G,0:0,0:0,C:C,G:G,G:G,0:0,G:G,T:T,A:A,G:G,C:C,C:C,T:T,T:T,C:C,0:0,0:0,0:0,0:0,A:A,C:C,0:0,C:C,A:A,0:0,G:G,0:0,0:0,C:C,T:T,0:0,C:C,0:0,T:T,0:0,C:C,C:C,G:G,G:G,0:0,T:T,G:G,C:C,C:C,C:C,0:0,C:C,0:0,0:0,C:C,0:0,0:0,C:C,C:C,T:T,0:0,A:A,0:0,0:0,T:T,G:G,0:0,C:C,A:A,T:T,0:0,T:T,0:0,0:0,0:0,T:T,T:T,0:0,G:G,A:A,A:A,0:0,T:T,0:0,C:C,0:0,G:G,C:C,0:0,T:T,0:0,C:C,0:0,C:C,0:0,C:C,0:0,0:0,0:0,0:0,G:G,T:T,0:0,G:G,0:0,0:0,-:-,A:A,G:G,C:C,0:0,C:C,G:G,C:C,0:0,T:T,0:0,G:G,0:0,C:C,C:C,G:G,C:C,0:0,0:0,0:0,C:C,0:0,0:0,0:0,T:T,A:A,T:T,T:T,0:0,0:0,T:T,G:G,G:G,G:G,G:G,T:T,0:0,T:T,0:0,T:T,T:T,0:0,0:0,C:C,A:A,G:G,0:0,A:A,A:A,C:C,C:C,0:0,C:C,C:C,0:0,G:G,T:T,0:0,0:0,C:C,G:G,0:0,A:A,C:C,0:0,0:0,0:0,0:0,C:C,0:0,C:C,0:0,0:0,G:G,C:C,0:0,C:C,C:C,0:0,G:G,G:G,0:0,G:G,0:0,0:0,0:0,T:T,T:T,0:0,T:T,0:0,0:0,A:A,C:C,0:0,0:0,G:G,T:T,C:C,C:C,C:C,C:C,0:0,0:0,0:0,0:0,G:G,T:T,G:G,0:0,0:0,G:G,0:0,A:A,G:G,0:0,0:0,0:0,0:0,T:T,T:T,A:A,0:0,0:0,G:G,G:G,0:0,0:0,0:0,T:T,C:C,0:0,0:0,C:C,G:G,A:A,A:A,A:A,C:C,C:C,0:0,0:0,G:G,0:0,C:C,G:G,0:0,C:C,G:G,A:A,C:C,0:0,0:0,0:0,0:0,0:0,0:0,A:A,0:0,0:0,0:0,T:T,0:0,C:C,0:0,0:0,G:G,0:0,0:0,T:T,C:C,G:G,G:G,0:0,0:0,
Oki_CohoSalmon1,63241,42461,67.14,64.36,0.07,A:A,T:T,T:T,G:G,T:T,A:A,A:A,T:T,C:C,C:C,G:G,G:G,G:G,C:C,T:T,A:A,A:A,A:A,A:A,A:A,A:A,G:G,C:C,G:G,C:C,G:G,C:C,0:0,A:A,T:T,T:T,C:C,A:A,C:C,T:T,G:G,C:C,G:G,C:C,C:C,G:G,T:T,A:A,C:C,G:G,T:T,A:A,0:0,A:A,0:0,A:A,A:A,C:C,0:0,G:G,0:0,0:0,0:0,C:C,A:A,0:0,C:C,0:0,C:C,0:0,A:A,G:G,A:A,A:A,0:0,0:0,0:0,C:C,C:C,A:A,T:T,G:G,0:0,C:C,0:0,G:G,0:0,0:0,0:0,0:0,0:0,0:0,0:0,0:0,0:0,0:0,C:C,C:C,0:0,C:C,G:G,C:C,C:C,0:0,0:0,0:0,0:0,T:T,C:C,0:0,0:0,C:C,0:0,0:0,T:T,C:C,0:0,G:G,0:0,G:G,G:G,A:A,0:0,A:A,T:T,C:C,0:0,G:G,0:0,G:G,0:0,0:0,G:G,G:G,T:T,0:0,C:C,G:G,G:G,0:0,0:0,T:T,A:A,G:G,0:0,C:C,T:T,0:0,C:C,0:0,0:0,C:C,0:0,A:A,T:T,G:G,C:C,0:0,G:G,G:G,C:C,T:T,0:0,T:T,0:0,C:C,0:0,0:0,0:0,C:C,C:C,G:G,G:G,0:0,T:T,G:G,C:C,C:C,C:C,0:0,C:C,C:C,A:A,0:0,0:0,A:A,C:C,C:C,T:T,A:A,A:A,C:C,C:C,T:T,G:G,C:C,0:0,A:A,C:C,0:0,T:T,0:0,0:0,0:0,T:T,T:T,C:C,G:G,G:G,0:0,C:C,T:T,T:T,C:C,C:C,G:G,A:A,0:0,C:C,T:T,0:0,0:0,A:A,C:C,C:C,0:0,A:A,G:G,A:A,0:0,0:0,C:C,G:G,0:0,T:T,-:-,0:0,G:G,C:C,0:0,C:C,G:G,0:0,C:C,0:0,T:T,G:G,0:0,0:0,C:C,G:G,C:C,0:0,0:0,A:A,C:C,0:0,0:0,G:G,T:T,A:A,T:T,0:0,C:C,A:A,T:T,0:0,G:G,T:T,G:G,T:T,T:T,T:T,0:0,T:T,T:T,T:T,A:A,C:C,0:0,G:G,T:T,A:A,A:A,0:0,C:C,C:C,C:C,C:C,C:C,0:0,T:T,0:0,A:A,C:C,G:G,G:G,A:A,C:C,G:G,0:0,0:0,0:0,0:0,T:T,C:C,0:0,0:0,G:G,C:C,C:C,C:C,0:0,0:0,G:G,0:0,G:G,0:0,0:0,C:C,G:G,T:T,T:T,0:0,T:T,0:0,0:0,0:0,C:C,C:C,C:C,G:G,T:T,C:C,C:C,C:C,C:C,0:0,0:0,0:0,0:0,G:G,T:T,G:G,0:0,G:G,G:G,0:0,0:0,G:G,G:G,0:0,C:C,0:0,T:T,T:T,T:T,0:0,0:0,G:G,G:G,A:A,0:0,A:A,C:C,C:C,G:G,0:0,C:C,G:G,A:A,0:0,0:0,C:C,C:C,0:0,0:0,G:G,0:0,0:0,G:G,0:0,0:0,G:G,A:A,C:C,0:0,A:A,0:0,0:0,0:0,0:0,A:A,T:T,T:T,C:C,T:T,0:0,C:C,C:C,T:T,G:G,G:G,G:G,C:C,C:C,G:G,G:G,T:T,A:A,
Oki_CohoSalmon1,43696,29796,68.19,62.71,0.09,A:A,T:T,T:T,G:G,T:T,A:A,A:A,T:T,C:C,C:C,G:G,G:G,G:G,C:C,T:T,A:A,A:A,A:A,A:A,A:A,A:A,G:G,C:C,G:G,C:C,G:G,C:C,G:G,A:A,T:T,T:T,C:C,A:A,C:C,T:T,G:G,C:C,G:G,C:C,C:C,G:G,T:T,A:A,C:C,G:G,T:T,A:A,0:0,0:0,0:0,A:A,A:A,C:C,0:0,G:G,0:0,0:0,0:0,C:C,A:A,0:0,C:C,0:0,C:C,0:0,A:A,G:G,A:A,A:A,0:0,0:0,0:0,C:C,C:C,A:A,T:T,G:G,0:0,0:0,0:0,G:G,0:0,0:0,0:0,0:0,0:0,0:0,0:0,0:0,0:0,0:0,C:C,C:C,0:0,C:C,G:G,C:C,C:C,0:0,0:0,0:0,0:0,T:T,C:C,0:0,0:0,C:C,0:0,0:0,T:T,C:C,0:0,G:G,0:0,G:G,G:G,A:A,0:0,A:A,T:T,C:C,0:0,G:G,0:0,G:G,0:0,0:0,G:G,G:G,T:T,0:0,C:C,G:G,G:G,0:0,0:0,T:T,A:A,G:G,0:0,C:C,T:T,0:0,C:C,0:0,0:0,C:C,0:0,A:A,T:T,0:0,C:C,0:0,G:G,G:G,C:C,0:0,0:0,T:T,0:0,C:C,0:0,0:0,0:0,C:C,C:C,G:G,G:G,0:0,T:T,G:G,C:C,C:C,C:C,0:0,C:C,C:C,A:A,0:0,0:0,A:A,0:0,C:C,T:T,A:A,A:A,C:C,C:C,T:T,G:G,C:C,0:0,A:A,C:C,0:0,T:T,0:0,0:0,0:0,T:T,T:T,C:C,G:G,G:G,0:0,C:C,T:T,T:T,C:C,C:C,G:G,A:A,0:0,C:C,T:T,0:0,0:0,A:A,C:C,C:C,0:0,A:A,G:G,A:A,0:0,0:0,C:C,G:G,0:0,T:T,-:-,0:0,G:G,C:C,G:G,C:C,G:G,0:0,C:C,0:0,T:T,G:G,0:0,0:0,C:C,G:G,C:C,0:0,0:0,A:A,C:C,0:0,0:0,G:G,T:T,A:A,T:T,0:0,C:C,A:A,T:T,0:0,G:G,T:T,G:G,T:T,T:T,T:T,0:0,T:T,T:T,T:T,A:A,C:C,0:0,G:G,T:T,0:0,A:A,0:0,C:C,C:C,C:C,C:C,C:C,0:0,T:T,0:0,A:A,C:C,G:G,0:0,A:A,C:C,G:G,0:0,0:0,0:0,0:0,T:T,C:C,0:0,0:0,G:G,C:C,C:C,C:C,0:0,0:0,G:G,0:0,G:G,0:0,0:0,C:C,G:G,T:T,0:0,0:0,T:T,0:0,0:0,A:A,C:C,C:C,C:C,G:G,T:T,C:C,C:C,C:C,C:C,0:0,0:0,0:0,0:0,G:G,T:T,G:G,0:0,G:G,G:G,0:0,A:A,G:G,G:G,0:0,C:C,0:0,T:T,T:T,T:T,0:0,0:0,G:G,G:G,A:A,0:0,A:A,C:C,C:C,G:G,0:0,C:C,G:G,A:A,0:0,0:0,C:C,C:C,0:0,0:0,G:G,0:0,0:0,G:G,0:0,0:0,G:G,0:0,C:C,0:0,A:A,0:0,0:0,0:0,0:0,A:A,T:T,T:T,C:C,T:T,0:0,C:C,C:C,T:T,G:G,G:G,G:G,C:C,C:C,G:G,G:G,T:T,A:A,
Omy_Steelhead1,89502,54480,60.87,50.83,0.07,A:A,T:T,T:T,G:G,C:C,G:G,0:0,T:T,C:C,C:C,G:G,G:G,A:A,C:C,T:T,A:A,A:A,A:A,A:A,A:A,A:A,G:G,0:0,0:0,0:0,0:0,C:C,G:G,A:A,C:C,T:T,C:C,A:A,C:C,T:T,G:G,C:C,T:T,C:C,G:G,G:G,T:T,G:G,C:C,G:G,T:T,0:0,0:0,A:A,0:0,A:A,0:0,0:0,0:0,G:G,0:0,G:G,0:0,C:C,0:0,0:0,0:0,G:G,0:0,0:0,0:0,G:G,0:0,0:0,0:0,0:0,0:0,C:C,0:0,0:0,0:0,G:G,0:0,C:C,0:0,0:0,0:0,0:0,0:0,C:C,0:0,0:0,C:C,0:0,0:0,0:0,C:C,C:C,0:0,C:C,G:G,0:0,0:0,0:0,0:0,0:0,0:0,T:T,0:0,0:0,0:0,C:C,0:0,0:0,T:T,0:0,T:T,G:G,C:C,0:0,0:0,A:A,0:0,A:A,T:T,0:0,C:C,0:0,0:0,0:0,0:0,0:0,G:G,G:G,T:T,0:0,C:C,G:G,G:G,0:0,G:G,T:T,A:A,G:G,0:0,C:C,T:T,T:T,C:C,0:0,A:A,0:0,0:0,A:A,C:C,0:0,C:C,T:T,G:G,G:G,C:C,T:T,0:0,T:T,0:0,C:C,0:0,T:T,0:0,C:C,C:C,G:G,0:0,0:0,0:0,G:G,C:C,C:C,0:0,0:0,C:C,C:C,0:0,C:C,0:0,0:0,C:C,0:0,T:T,0:0,A:A,0:0,C:C,T:T,0:0,0:0,C:C,A:A,C:C,0:0,T:T,T:T,0:0,0:0,T:T,0:0,0:0,0:0,0:0,0:0,C:C,T:T,0:0,C:C,0:0,0:0,C:C,0:0,C:C,T:T,0:0,0:0,C:C,0:0,C:C,0:0,0:0,0:0,0:0,0:0,0:0,0:0,G:G,0:0,0:0,-:-,A:A,G:G,C:C,0:0,C:C,0:0,C:C,C:C,T:T,0:0,G:G,0:0,0:0,C:C,G:G,C:C,0:0,0:0,A:A,C:C,0:0,0:0,0:0,0:0,A:A,T:T,T:T,C:C,0:0,T:T,0:0,G:G,G:G,G:G,T:T,T:T,T:T,0:0,0:0,T:T,0:0,0:0,C:C,A:A,G:G,0:0,A:A,A:A,C:C,C:C,0:0,C:C,C:C,0:0,0:0,T:T,0:0,A:A,C:C,G:G,0:0,A:A,C:C,0:0,0:0,0:0,0:0,C:C,0:0,C:C,0:0,0:0,G:G,C:C,0:0,C:C,C:C,0:0,G:G,G:G,0:0,G:G,0:0,0:0,0:0,0:0,T:T,0:0,0:0,C:C,0:0,0:0,C:C,C:C,0:0,G:G,T:T,0:0,0:0,0:0,C:C,0:0,0:0,0:0,0:0,G:G,T:T,G:G,0:0,G:G,G:G,0:0,A:A,G:G,G:G,0:0,0:0,0:0,T:T,T:T,A:A,0:0,0:0,G:G,G:G,A:A,C:C,A:A,C:C,C:C,G:G,0:0,C:C,G:G,A:A,A:A,A:A,C:C,C:C,0:0,G:G,G:G,0:0,C:C,G:G,0:0,C:C,0:0,A:A,C:C,0:0,0:0,0:0,A:A,C:C,0:0,0:0,T:T,0:0,0:0,T:T,0:0,C:C,0:0,0:0,0:0,0:0,0:0,T:T,A:A,G:G,0:0,0:0,A:A,
Omy_Steelhead2,73468,44057,59.97,49.72,0.08,A:A,T:T,T:T,G:G,C:C,G:G,0:0,T:T,C:C,C:C,G:G,G:G,A:A,C:C,T:T,A:A,A:A,A:A,A:A,A:A,A:A,G:G,0:0,0:0,0:0,0:0,C:C,G:G,A:A,C:C,T:T,C:C,A:A,C:C,T:T,G:G,C:C,T:T,C:C,G:G,G:G,T:T,G:G,C:C,G:G,T:T,0:0,0:0,A:A,0:0,A:A,0:0,0:0,0:0,G:G,0:0,G:G,0:0,C:C,0:0,0:0,0:0,G:G,0:0,0:0,0:0,G:G,0:0,0:0,0:0,0:0,0:0,C:C,0:0,0:0,0:0,G:G,0:0,C:C,0:0,0:0,0:0,0:0,0:0,0:0,0:0,0:0,C:C,0:0,0:0,0:0,C:C,C:C,0:0,C:C,G:G,0:0,0:0,0:0,0:0,0:0,0:0,T:T,0:0,0:0,0:0,C:C,0:0,0:0,T:T,0:0,0:0,G:G,C:C,0:0,0:0,A:A,0:0,A:A,T:T,0:0,C:C,0:0,0:0,0:0,0:0,0:0,G:G,G:G,T:T,0:0,C:C,G:G,G:G,0:0,G:G,T:T,A:A,G:G,0:0,C:C,T:T,T:T,C:C,0:0,A:A,0:0,0:0,A:A,C:C,0:0,C:C,T:T,G:G,G:G,C:C,T:T,0:0,T:T,0:0,C:C,0:0,T:T,0:0,C:C,C:C,G:G,G:G,0:0,0:0,G:G,C:C,C:C,0:0,0:0,C:C,C:C,0:0,C:C,0:0,0:0,C:C,C:C,T:T,0:0,A:A,0:0,0:0,T:T,0:0,0:0,C:C,A:A,C:C,0:0,T:T,T:T,0:0,0:0,T:T,T:T,0:0,0:0,0:0,0:0,C:C,T:T,0:0,C:C,0:0,0:0,C:C,0:0,C:C,0:0,0:0,0:0,C:C,0:0,C:C,0:0,0:0,0:0,0:0,0:0,0:0,0:0,G:G,0:0,0:0,-:-,A:A,G:G,C:C,0:0,C:C,0:0,C:C,C:C,T:T,0:0,G:G,0:0,0:0,C:C,G:G,C:C,0:0,0:0,A:A,C:C,0:0,0:0,0:0,0:0,A:A,T:T,T:T,0:0,0:0,T:T,0:0,G:G,G:G,G:G,T:T,T:T,T:T,0:0,0:0,T:T,0:0,0:0,C:C,A:A,G:G,0:0,A:A,A:A,C:C,C:C,0:0,0:0,0:0,0:0,0:0,T:T,0:0,A:A,C:C,G:G,0:0,A:A,C:C,0:0,0:0,0:0,0:0,C:C,0:0,C:C,0:0,0:0,G:G,C:C,0:0,C:C,C:C,0:0,G:G,G:G,0:0,G:G,0:0,0:0,0:0,0:0,T:T,0:0,0:0,C:C,0:0,0:0,C:C,C:C,0:0,G:G,T:T,0:0,0:0,0:0,C:C,0:0,0:0,0:0,0:0,G:G,T:T,G:G,0:0,G:G,G:G,0:0,A:A,G:G,G:G,0:0,0:0,0:0,T:T,T:T,A:A,0:0,0:0,G:G,G:G,A:A,C:C,A:A,C:C,C:C,G:G,0:0,C:C,G:G,A:A,A:A,A:A,C:C,0:0,0:0,G:G,G:G,0:0,0:0,G:G,0:0,C:C,0:0,A:A,C:C,0:0,0:0,0:0,A:A,C:C,0:0,0:0,T:T,0:0,0:0,T:T,0:0,C:C,0:0,0:0,G:G,0:0,0:0,T:T,A:A,G:G,G:G,0:0,A:A,
One_SockeyeSalmon1,117487,67491,57.45,51.93,0.08,C:C,T:T,G:G,G:G,T:T,A:A,A:A,T:T,C:C,C:C,G:G,T:T,G:G,C:C,T:T,A:A,A:A,A:A,A:A,A:A,G:G,G:G,C:C,G:G,G:G,G:G,C:C,G:G,A:A,C:C,T:T,C:C,A:A,T:T,T:T,G:G,C:C,G:G,C:C,G:G,G:G,T:T,G:G,C:C,G:G,T:T,0:0,0:0,A:A,0:0,0:0,A:A,0:0,0:0,0:0,0:0,G:G,0:0,0:0,0:0,0:0,0:0,0:0,C:C,0:0,0:0,G:G,A:A,0:0,0:0,0:0,0:0,C:C,C:C,A:A,0:0,G:G,0:0,0:0,0:0,0:0,0:0,A:A,0:0,0:0,0:0,0:0,C:C,0:0,0:0,0:0,C:C,C:C,0:0,C:C,0:0,C:C,0:0,G:G,0:0,0:0,0:0,T:T,C:C,0:0,0:0,0:0,C:C,C:C,0:0,T:T,T:T,G:G,0:0,0:0,0:0,0:0,0:0,A:A,T:T,C:C,0:0,G:G,0:0,G:G,0:0,0:0,G:G,G:G,0:0,C:C,0:0,0:0,G:G,0:0,0:0,0:0,A:A,G:G,0:0,C:C,T:T,T:T,C:C,0:0,T:T,C:C,0:0,0:0,C:C,G:G,C:C,T:T,0:0,G:G,0:0,0:0,C:C,T:T,C:C,0:0,0:0,0:0,0:0,C:C,C:C,G:G,G:G,0:0,T:T,G:G,C:C,C:C,0:0,0:0,C:C,0:0,0:0,C:C,0:0,0:0,C:C,C:C,T:T,-:-,A:A,A:A,0:0,0:0,G:G,0:0,C:C,A:A,C:C,0:0,T:T,0:0,0:0,0:0,T:T,T:T,C:C,G:G,A:A,A:A,T:T,0:0,0:0,C:C,C:C,0:0,C:C,0:0,C:C,0:0,0:0,0:0,A:A,C:C,C:C,0:0,0:0,0:0,0:0,G:G,T:T,C:C,G:G,0:0,T:T,-:-,A:A,G:G,C:C,0:0,C:C,G:G,0:0,C:C,T:T,0:0,G:G,A:A,0:0,C:C,G:G,C:C,0:0,0:0,0:0,C:C,0:0,0:0,0:0,0:0,A:A,T:T,0:0,0:0,A:A,T:T,G:G,G:G,G:G,G:G,T:T,0:0,T:T,0:0,0:0,T:T,0:0,0:0,0:0,0:0,0:0,T:T,A:A,0:0,C:C,0:0,C:C,C:C,C:C,0:0,G:G,T:T,0:0,0:0,C:C,0:0,0:0,A:A,C:C,G:G,0:0,0:0,0:0,C:C,T:T,C:C,0:0,0:0,G:G,C:C,0:0,0:0,0:0,0:0,G:G,G:G,0:0,G:G,C:C,C:C,G:G,T:T,T:T,0:0,T:T,0:0,0:0,0:0,C:C,C:C,0:0,G:G,0:0,C:C,C:C,C:C,C:C,0:0,0:0,0:0,0:0,G:G,T:T,G:G,0:0,G:G,G:G,0:0,0:0,0:0,G:G,0:0,0:0,0:0,T:T,A:A,T:T,0:0,0:0,G:G,0:0,A:A,C:C,A:A,C:C,C:C,G:G,0:0,0:0,G:G,A:A,0:0,0:0,C:C,0:0,0:0,G:G,G:G,0:0,C:C,G:G,0:0,C:C,G:G,0:0,C:C,0:0,A:A,0:0,A:A,C:C,0:0,A:A,0:0,0:0,0:0,0:0,0:0,C:C,0:0,T:T,G:G,0:0,G:G,C:C,C:C,G:G,0:0,T:T,0:0,
One_SockeyeSalmon2,76780,44059,57.38,49.17,0.10,C:C,T:T,G:G,G:G,T:T,A:A,A:A,T:T,C:C,C:C,G:G,T:T,G:G,C:C,T:T,A:A,A:A,A:A,A:A,A:A,G:G,G:G,C:C,G:G,G:G,G:G,C:C,G:G,A:A,C:C,T:T,C:C,A:A,T:T,T:T,G:G,C:C,G:G,C:C,G:G,G:G,T:T,G:G,C:C,G:G,T:T,0:0,0:0,A:A,0:0,0:0,A:A,0:0,0:0,0:0,0:0,G:G,0:0,0:0,0:0,0:0,0:0,0:0,C:C,0:0,0:0,0:0,A:A,0:0,0:0,0:0,0:0,C:C,C:C,A:A,0:0,G:G,0:0,0:0,0:0,0:0,0:0,A:A,0:0,0:0,0:0,0:0,C:C,0:0,0:0,0:0,C:C,C:C,0:0,C:C,0:0,C:C,0:0,G:G,0:0,0:0,0:0,T:T,C:C,0:0,0:0,0:0,C:C,C:C,0:0,T:T,T:T,G:G,0:0,0:0,0:0,0:0,0:0,0:0,T:T,C:C,0:0,0:0,0:0,G:G,0:0,0:0,G:G,G:G,0:0,C:C,0:0,0:0,G:G,0:0,0:0,0:0,A:A,G:G,0:0,C:C,T:T,T:T,C:C,0:0,T:T,C:C,0:0,0:0,C:C,G:G,C:C,T:T,0:0,G:G,0:0,0:0,C:C,0:0,C:C,0:0,0:0,0:0,0:0,C:C,C:C,G:G,G:G,0:0,T:T,G:G,C:C,C:C,0:0,0:0,C:C,0:0,0:0,C:C,0:0,0:0,C:C,C:C,T:T,-:-,A:A,A:A,0:0,0:0,G:G,0:0,C:C,0:0,C:C,0:0,T:T,0:0,0:0,0:0,T:T,T:T,C:C,G:G,A:A,A:A,T:T,0:0,0:0,C:C,C:C,0:0,C:C,0:0,C:C,0:0,0:0,0:0,A:A,C:C,C:C,0:0,0:0,0:0,0:0,G:G,T:T,C:C,G:G,0:0,T:T,-:-,0:0,G:G,C:C,0:0,C:C,G:G,0:0,C:C,T:T,0:0,G:G,A:A,0:0,C:C,G:G,C:C,0:0,0:0,0:0,C:C,0:0,0:0,0:0,0:0,A:A,T:T,0:0,0:0,A:A,T:T,G:G,G:G,G:G,G:G,T:T,0:0,T:T,0:0,0:0,T:T,0:0,0:0,0:0,0:0,0:0,T:T,A:A,0:0,C:C,0:0,C:C,C:C,C:C,0:0,G:G,T:T,0:0,0:0,C:C,0:0,0:0,A:A,C:C,G:G,0:0,0:0,0:0,C:C,T:T,C:C,0:0,0:0,G:G,C:C,0:0,0:0,0:0,0:0,G:G,G:G,0:0,G:G,C:C,C:C,G:G,T:T,T:T,0:0,T:T,0:0,0:0,0:0,C:C,C:C,0:0,G:G,0:0,C:C,C:C,C:C,C:C,0:0,0:0,0:0,0:0,G:G,T:T,G:G,0:0,G:G,G:G,0:0,0:0,0:0,G:G,0:0,0:0,0:0,T:T,A:A,T:T,0:0,0:0,G:G,0:0,A:A,C:C,A:A,C:C,C:C,G:G,0:0,0:0,G:G,A:A,0:0,0:0,C:C,0:0,0:0,0:0,G:G,0:0,0:0,G:G,0:0,0:0,G:G,0:0,C:C,0:0,A:A,0:0,0:0,C:C,0:0,A:A,0:0,0:0,0:0,0:0,0:0,C:C,0:0,T:T,G:G,0:0,G:G,C:C,C:C,G:G,0:0,T:T,0:0,
Ots_ChinookSalmon1,71040,59711,84.05,97.51,0.35,A:A,T:T,T:T,G:G,T:T,A:A,A:A,T:T,T:T,C:C,A:A,G:G,G:G,C:C,T:T,A:A,A:A,A:A,A:A,A:A,A:A,G:G,C:C,G:G,G:G,G:G,C:C,G:G,A:A,C:C,T:T,T:T,A:A,C:C,C:C,G:G,C:C,G:G,C:C,G:G,G:G,T:T,G:G,C:C,G:G,T:T,A:A,G:G,A:T,G:C,A:A,G:A,C:C,G:G,G:G,C:C,A:A,C:C,T:T,A:A,T:T,T:T,A:A,C:C,0:0,A:G,G:A,A:A,A:A,G:G,C:C,A:A,T:T,C:C,T:T,T:T,G:G,C:C,C:C,G:G,A:A,T:T,A:A,T:T,A:A,T:T,G:G,C:C,T:T,C:A,G:G,T:T,C:C,T:G,T:T,T:T,C:C,C:C,G:T,G:G,T:C,T:T,T:T,T:C,G:G,G:G,C:C,C:C,C:T,T:T,C:C,T:T,G:G,T:T,G:G,0:0,T:T,G:G,A:A,T:T,C:C,C:C,G:G,G:G,0:0,G:G,C:C,G:G,G:A,T:C,C:C,C:T,C:G,T:T,A:A,G:G,T:T,A:A,G:G,C:C,C:C,A:A,T:T,C:C,T:T,T:T,C:C,C:C,A:A,C:C,0:0,C:C,T:T,A:G,C:C,C:A,T:G,C:C,T:T,C:C,C:C,T:T,T:T,A:A,C:T,C:T,G:G,A:A,G:G,T:T,A:A,C:C,C:C,T:T,A:A,C:C,A:A,A:G,C:C,C:C,A:A,C:T,0:0,T:T,A:-,A:A,A:A,C:C,T:T,G:G,C:C,C:C,A:A,C:C,G:T,T:T,T:T,G:T,T:T,T:T,T:T,C:C,T:T,G:G,0:0,C:C,T:T,C:C,C:C,C:C,G:G,C:C,G:G,C:C,0:0,T:T,A:A,A:A,C:C,C:C,C:C,A:G,G:G,A:C,G:G,T:T,T:C,G:G,A:C,T:T,C:C,A:A,G:G,C:C,G:G,C:C,C:G,C:C,T:T,T:T,C:C,G:G,T:T,T:T,T:T,G:G,C:C,T:T,0:0,T:T,C:C,A:G,C:C,C:C,T:T,A:A,T:T,G:G,C:G,A:A,T:T,G:G,G:A,G:G,G:G,T:T,T:T,T:T,G:G,T:T,C:T,T:T,-:-,T:C,T:T,A:A,T:A,A:G,A:T,C:T,C:C,C:C,T:T,C:C,0:0,G:G,T:-,T:T,G:G,C:A,G:G,0:0,A:A,C:C,A:A,G:G,A:A,G:G,C:C,T:T,T:T,C:C,C:T,A:A,C:C,C:T,C:C,T:T,C:C,G:G,A:A,G:G,G:G,C:C,C:T,G:G,A:A,T:G,T:C,T:T,C:C,A:A,T:T,C:A,C:C,C:C,A:A,T:T,C:C,C:T,C:C,C:C,T:T,C:C,T:T,T:T,G:G,T:T,G:G,A:A,G:G,G:G,G:G,T:A,G:G,A:G,A:T,C:C,G:G,T:T,T:T,T:T,A:A,T:T,G:G,G:G,A:T,C:C,A:A,C:C,C:C,G:G,G:G,C:T,G:G,T:A,A:A,A:-,T:C,A:A,A:G,G:G,G:G,A:A,C:C,G:G,T:T,T:T,G:G,A:A,C:C,T:C,G:G,C:T,A:A,C:C,T:T,A:A,T:T,T:T,C:T,T:C,C:C,T:T,T:T,T:T,G:G,G:G,G:G,C:C,C:C,G:G,G:G,T:T,A:A,
Ots_ChinookSalmon2,89276,75319,84.37,98.62,0.13,A:A,T:T,T:T,G:G,T:T,A:A,A:A,T:T,T:T,C:C,A:A,G:G,G:G,C:C,T:T,A:A,A:A,A:A,A:A,A:A,A:A,G:G,C:C,G:G,G:G,G:G,C:C,G:G,A:A,C:C,T:T,T:T,A:A,C:C,C:C,G:G,C:C,G:G,C:C,G:G,G:G,T:T,G:G,C:C,G:G,T:T,A:A,G:G,A:T,G:C,A:G,G:G,C:C,G:G,G:G,C:C,A:A,C:C,T:T,A:A,T:T,T:T,A:A,C:C,G:G,A:A,G:G,A:A,A:A,G:G,C:C,A:A,T:T,C:C,T:T,T:T,G:G,C:C,C:C,G:G,A:A,T:T,A:A,T:T,A:A,T:T,G:G,C:C,T:T,C:A,G:G,T:T,C:C,T:G,T:T,T:G,C:C,A:C,G:T,0:0,T:T,T:T,T:T,T:T,G:G,G:G,C:C,C:C,T:T,T:T,C:C,T:T,G:G,T:T,G:G,A:A,T:T,G:G,A:T,T:T,C:C,C:G,G:G,G:G,A:A,G:G,C:C,G:G,G:G,T:C,C:C,C:C,C:C,G:G,G:G,G:G,T:T,A:A,G:G,C:G,C:A,A:A,T:T,C:C,T:A,T:T,C:C,C:C,A:A,C:T,0:0,C:C,T:T,A:G,C:C,A:A,T:G,A:A,T:T,C:C,C:C,T:T,T:T,A:A,C:C,C:C,T:G,A:A,G:G,T:T,A:G,C:C,T:C,T:T,A:A,C:C,A:A,A:G,C:C,T:T,A:A,C:T,0:0,T:T,-:-,A:A,A:A,C:C,T:T,G:G,C:C,C:C,A:A,C:C,G:T,T:T,C:T,G:T,T:A,T:T,T:T,C:C,T:T,G:G,0:0,C:C,T:T,T:C,C:C,C:C,G:A,C:C,G:A,C:C,T:T,T:T,A:A,A:A,C:C,C:C,C:C,A:G,G:G,A:A,G:G,T:T,C:C,G:G,C:C,T:T,C:C,A:A,G:G,C:C,G:G,C:C,G:G,C:C,T:T,G:T,C:C,G:G,A:A,T:T,C:C,G:A,T:C,T:T,T:T,T:T,C:C,A:G,C:C,C:G,T:T,C:C,T:T,T:T,C:G,A:A,T:T,G:G,G:G,G:G,G:G,T:T,T:T,T:T,G:G,T:T,T:T,T:T,-:-,T:C,A:A,A:A,T:T,A:A,A:A,C:T,C:C,C:C,T:T,C:C,T:T,G:G,T:-,T:T,A:G,C:A,G:G,G:G,A:A,C:C,A:A,G:G,A:A,G:G,0:0,T:T,T:T,C:C,C:C,A:A,C:C,C:T,C:C,T:T,C:C,G:G,A:A,G:G,G:G,C:C,C:C,G:G,A:A,T:G,T:C,T:T,C:C,A:A,T:T,A:A,C:T,C:C,A:A,T:T,C:C,C:C,C:C,C:C,T:T,C:C,T:G,T:T,T:G,G:G,G:G,A:G,G:G,G:T,G:G,T:A,G:G,A:G,A:T,C:C,G:G,T:T,T:T,T:T,A:A,T:T,G:G,T:G,A:A,C:C,A:A,C:C,C:C,G:G,G:G,C:T,G:G,T:T,A:A,A:-,T:C,C:A,A:G,G:G,G:G,A:A,C:T,G:G,T:T,T:T,G:G,A:A,C:C,T:C,G:A,C:C,A:A,C:C,0:0,A:A,T:T,T:T,C:T,T:T,C:C,C:T,C:C,T:T,G:G,G:G,G:G,C:C,C:C,G:G,G:G,T:T,A:A,
Sco_BullTrout1,76076,43580,57.28,25.14,0.10,0:0,0:0,T:T,G:G,T:T,0:0,C:C,T:T,C:C,C:C,G:G,G:G,G:G,C:C,T:T,A:A,A:A,A:A,A:A,A:A,A:A,G:G,C:C,A:A,G:G,G:G,0:0,0:0,0:0,C:C,A:A,0:0,0:0,C:C,C:C,G:G,C:C,G:G,T:T,G:G,G:G,C:C,G:G,C:C,G:G,T:T,0:0,0:0,0:0,0:0,0:0,0:0,0:0,0:0,0:0,0:0,0:0,0:0,0:0,0:0,0:0,0:0,0:0,0:0,0:0,0:0,0:0,0:0,0:0,0:0,0:0,0:0,0:0,0:0,0:0,0:0,G:G,0:0,0:0,0:0,0:0,0:0,0:0,0:0,0:0,0:0,0:0,0:0,0:0,0:0,0:0,0:0,0:0,0:0,0:0,G:G,C:C,0:0,0:0,0:0,0:0,0:0,0:0,C:C,0:0,0:0,C:C,0:0,0:0,0:0,0:0,0:0,G:G,0:0,0:0,0:0,0:0,0:0,0:0,0:0,C:C,0:0,0:0,0:0,G:G,0:0,0:0,G:G,G:G,T:T,0:0,0:0,0:0,0:0,0:0,G:G,T:T,A:A,0:0,0:0,C:C,0:0,0:0,0:0,0:0,0:0,0:0,0:0,0:0,C:C,G:G,0:0,0:0,0:0,G:G,0:0,T:T,0:0,T:T,0:0,0:0,0:0,0:0,0:0,0:0,0:0,0:0,G:G,0:0,T:T,A:A,0:0,0:0,0:0,0:0,C:C,C:C,A:A,0:0,0:0,0:0,0:0,C:C,T:T,0:0,A:A,0:0,0:0,T:T,G:G,0:0,0:0,0:0,0:0,0:0,0:0,0:0,0:0,0:0,T:T,0:0,0:0,0:0,G:G,0:0,0:0,0:0,0:0,C:C,C:C,0:0,C:C,0:0,0:0,0:0,0:0,0:0,C:C,C:C,0:0,0:0,A:A,0:0,0:0,G:G,0:0,T:T,G:G,0:0,0:0,0:0,0:0,0:0,C:C,0:0,C:C,0:0,0:0,0:0,0:0,T:T,G:G,0:0,C:C,C:C,0:0,0:0,0:0,0:0,0:0,C:C,0:0,0:0,0:0,0:0,0:0,0:0,0:0,0:0,A:A,T:T,G:G,0:0,G:G,C:C,C:C,0:0,T:T,0:0,0:0,0:0,0:0,0:0,0:0,0:0,0:0,0:0,A:A,A:A,0:0,C:C,0:0,0:0,C:C,0:0,0:0,0:0,0:0,0:0,0:0,0:0,0:0,0:0,0:0,0:0,0:0,0:0,0:0,0:0,T:T,0:0,0:0,0:0,0:0,C:C,0:0,C:C,0:0,0:0,G:G,0:0,G:G,0:0,0:0,0:0,0:0,0:0,0:0,0:0,T:T,0:0,0:0,0:0,0:0,0:0,0:0,0:0,T:T,C:C,C:C,C:C,C:C,0:0,0:0,0:0,0:0,0:0,0:0,0:0,0:0,0:0,0:0,0:0,0:0,0:0,0:0,0:0,C:C,0:0,T:T,T:T,A:A,0:0,0:0,G:G,0:0,0:0,0:0,0:0,0:0,0:0,G:G,0:0,C:C,G:G,0:0,A:A,0:0,0:0,0:0,A:A,0:0,G:G,0:0,0:0,0:0,0:0,0:0,0:0,0:0,0:0,0:0,0:0,0:0,0:0,C:C,0:0,A:A,0:0,0:0,0:0,0:0,0:0,C:C,0:0,0:0,0:0,0:0,0:0,0:0,0:0,0:0,G:G,0:0,0:0,
Sco_BullTrout2,113250,66453,58.68,25.14,0.09,0:0,0:0,T:T,G:G,T:T,0:0,C:C,T:T,C:C,C:C,G:G,G:G,G:G,C:C,T:T,A:A,A:A,A:A,A:A,A:A,A:A,G:G,C:C,A:A,G:G,G:G,0:0,0:0,0:0,C:C,A:A,0:0,0:0,C:C,C:C,G:G,C:C,G:G,T:T,G:G,G:G,C:C,G:G,C:C,G:G,T:T,0:0,0:0,0:0,0:0,0:0,0:0,0:0,0:0,0:0,0:0,0:0,0:0,0:0,0:0,0:0,0:0,0:0,0:0,0:0,0:0,0:0,0:0,0:0,0:0,0:0,0:0,0:0,0:0,0:0,0:0,G:G,0:0,0:0,0:0,0:0,0:0,A:A,0:0,0:0,0:0,0:0,0:0,0:0,0:0,0:0,0:0,0:0,0:0,0:0,G:G,C:C,0:0,0:0,0:0,0:0,0:0,0:0,C:C,0:0,0:0,C:C,0:0,0:0,0:0,0:0,0:0,G:G,0:0,0:0,0:0,0:0,0:0,0:0,0:0,C:C,0:0,0:0,0:0,G:G,0:0,0:0,G:G,G:G,T:T,0:0,0:0,0:0,0:0,0:0,G:G,T:T,A:A,0:0,0:0,C:C,0:0,0:0,0:0,0:0,0:0,0:0,0:0,0:0,C:C,G:G,0:0,0:0,0:0,G:G,0:0,T:T,0:0,T:T,0:0,0:0,0:0,0:0,0:0,0:0,0:0,0:0,G:G,0:0,T:T,A:A,0:0,0:0,0:0,0:0,C:C,C:C,A:A,0:0,0:0,0:0,0:0,C:C,T:T,0:0,A:A,0:0,0:0,T:T,G:G,0:0,0:0,0:0,0:0,0:0,0:0,0:0,0:0,0:0,T:T,0:0,0:0,0:0,G:G,0:0,0:0,0:0,0:0,C:C,C:C,0:0,C:C,0:0,0:0,0:0,0:0,0:0,C:C,C:C,0:0,0:0,A:A,0:0,0:0,G:G,0:0,T:T,G:G,0:0,0:0,0:0,0:0,0:0,C:C,0:0,C:C,0:0,0:0,0:0,0:0,T:T,G:G,0:0,C:C,C:C,G:G,0:0,0:0,0:0,0:0,C:C,0:0,0:0,0:0,0:0,0:0,0:0,0:0,0:0,A:A,0:0,G:G,0:0,G:G,C:C,C:C,0:0,T:T,0:0,T:T,0:0,0:0,0:0,0:0,0:0,0:0,0:0,A:A,A:A,0:0,C:C,0:0,0:0,C:C,0:0,0:0,0:0,0:0,0:0,0:0,0:0,0:0,0:0,0:0,0:0,0:0,0:0,0:0,0:0,0:0,0:0,0:0,0:0,0:0,C:C,0:0,C:C,0:0,0:0,G:G,0:0,G:G,0:0,0:0,0:0,0:0,0:0,0:0,0:0,T:T,0:0,0:0,0:0,0:0,0:0,0:0,0:0,T:T,C:C,C:C,C:C,C:C,0:0,0:0,0:0,0:0,0:0,0:0,0:0,0:0,0:0,0:0,0:0,0:0,0:0,0:0,0:0,C:C,0:0,T:T,T:T,A:A,0:0,0:0,0:0,0:0,0:0,0:0,0:0,0:0,0:0,G:G,0:0,C:C,G:G,0:0,A:A,0:0,0:0,0:0,A:A,0:0,G:G,0:0,0:0,0:0,0:0,0:0,0:0,0:0,0:0,0:0,0:0,0:0,0:0,C:C,0:0,A:A,0:0,0:0,0:0,0:0,0:0,C:C,0:0,0:0,0:0,0:0,0:0,0:0,0:0,0:0,G:G,0:0,0:0,
Sfo_BrookTrout1,58954,30176,51.19,20.72,0.08,C:C,C:C,T:T,G:G,T:T,0:0,C:C,T:T,C:C,C:C,G:G,G:G,G:G,T:T,T:T,A:A,A:A,A:A,A:A,C:C,A:A,G:G,C:C,A:A,G:G,G:G,0:0,0:0,0:0,C:C,A:A,0:0,0:0,C:C,C:C,G:G,C:C,G:G,T:T,G:G,G:G,C:C,G:G,C:C,G:G,T:T,0:0,0:0,0:0,0:0,0:0,0:0,0:0,0:0,0:0,0:0,0:0,0:0,0:0,0:0,0:0,0:0,0:0,0:0,0:0,0:0,G:G,0:0,0:0,0:0,0:0,0:0,0:0,0:0,0:0,0:0,G:G,0:0,0:0,0:0,0:0,0:0,0:0,0:0,0:0,0:0,0:0,C:C,0:0,0:0,0:0,0:0,0:0,0:0,0:0,G:G,0:0,0:0,0:0,0:0,0:0,0:0,0:0,C:C,0:0,0:0,C:C,0:0,0:0,0:0,0:0,0:0,G:G,0:0,0:0,0:0,0:0,0:0,A:A,0:0,C:C,0:0,0:0,0:0,G:G,0:0,0:0,G:G,G:G,T:T,0:0,C:C,0:0,0:0,0:0,0:0,T:T,0:0,0:0,0:0,C:C,0:0,0:0,0:0,0:0,0:0,0:0,0:0,0:0,C:C,G:G,0:0,0:0,G:G,G:G,0:0,T:T,0:0,T:T,0:0,0:0,0:0,0:0,0:0,0:0,0:0,0:0,G:G,0:0,0:0,A:A,0:0,0:0,0:0,0:0,C:C,0:0,A:A,0:0,0:0,0:0,0:0,0:0,T:T,0:0,A:A,0:0,0:0,0:0,G:G,0:0,0:0,0:0,0:0,0:0,0:0,0:0,0:0,0:0,0:0,0:0,0:0,0:0,G:G,0:0,0:0,0:0,0:0,0:0,C:C,0:0,0:0,0:0,0:0,0:0,0:0,0:0,C:C,0:0,0:0,0:0,A:A,0:0,0:0,G:G,0:0,T:T,G:G,0:0,0:0,0:0,0:0,0:0,C:C,0:0,C:C,0:0,0:0,0:0,0:0,T:T,G:G,0:0,C:C,0:0,0:0,0:0,0:0,0:0,0:0,C:C,0:0,0:0,0:0,0:0,0:0,0:0,0:0,0:0,0:0,0:0,G:G,0:0,G:G,G:G,C:C,0:0,T:T,0:0,0:0,T:T,0:0,0:0,0:0,0:0,G:G,0:0,A:A,A:A,0:0,0:0,0:0,0:0,0:0,0:0,0:0,0:0,0:0,0:0,0:0,0:0,0:0,0:0,0:0,0:0,0:0,0:0,0:0,C:C,0:0,0:0,0:0,0:0,0:0,C:C,0:0,0:0,0:0,0:0,G:G,0:0,G:G,0:0,0:0,0:0,0:0,0:0,0:0,0:0,T:T,C:C,0:0,0:0,0:0,0:0,0:0,0:0,T:T,0:0,0:0,C:C,C:C,0:0,0:0,0:0,0:0,0:0,0:0,0:0,0:0,0:0,0:0,0:0,0:0,0:0,0:0,0:0,0:0,0:0,T:T,T:T,A:A,0:0,0:0,0:0,0:0,0:0,0:0,0:0,0:0,0:0,G:G,0:0,C:C,0:0,0:0,0:0,0:0,0:0,0:0,A:A,0:0,G:G,0:0,0:0,0:0,0:0,0:0,0:0,0:0,C:C,0:0,0:0,0:0,0:0,0:0,0:0,0:0,0:0,0:0,0:0,0:0,0:0,C:C,0:0,0:0,0:0,0:0,0:0,0:0,0:0,0:0,0:0,0:0,0:0,
Sfo_BrookTrout2,56729,30191,53.22,21.27,0.08,C:C,C:C,T:T,G:G,T:T,0:0,C:C,T:T,C:C,C:C,G:G,G:G,G:G,T:T,T:T,A:A,A:A,A:A,A:A,C:C,A:A,G:G,C:C,A:A,G:G,G:G,0:0,0:0,0:0,C:C,A:A,0:0,0:0,C:C,C:C,G:G,C:C,G:G,T:T,G:G,G:G,C:C,G:G,C:C,G:G,T:T,0:0,0:0,0:0,0:0,0:0,0:0,0:0,0:0,0:0,0:0,0:0,0:0,0:0,0:0,0:0,0:0,0:0,0:0,0:0,0:0,G:G,0:0,0:0,0:0,0:0,0:0,0:0,0:0,0:0,0:0,G:G,0:0,0:0,0:0,0:0,0:0,0:0,0:0,0:0,0:0,0:0,C:C,0:0,0:0,0:0,0:0,0:0,0:0,0:0,G:G,0:0,0:0,0:0,0:0,0:0,0:0,0:0,C:C,0:0,0:0,C:C,0:0,0:0,0:0,0:0,0:0,G:G,0:0,0:0,0:0,0:0,0:0,A:A,0:0,C:C,0:0,0:0,0:0,G:G,0:0,0:0,0:0,G:G,T:T,0:0,C:C,0:0,0:0,0:0,0:0,T:T,0:0,0:0,0:0,C:C,0:0,0:0,0:0,0:0,0:0,0:0,0:0,0:0,C:C,G:G,0:0,0:0,G:G,G:G,0:0,T:T,0:0,T:T,0:0,0:0,0:0,0:0,0:0,0:0,0:0,0:0,G:G,0:0,0:0,A:A,0:0,0:0,0:0,0:0,C:C,0:0,A:A,0:0,0:0,0:0,0:0,0:0,T:T,0:0,A:A,0:0,0:0,0:0,G:G,0:0,0:0,0:0,0:0,0:0,0:0,0:0,0:0,0:0,0:0,0:0,0:0,0:0,G:G,0:0,0:0,0:0,0:0,0:0,C:C,0:0,0:0,0:0,0:0,0:0,0:0,0:0,C:C,0:0,0:0,0:0,A:A,0:0,0:0,G:G,0:0,T:T,G:G,0:0,0:0,0:0,0:0,0:0,C:C,0:0,C:C,0:0,0:0,0:0,0:0,T:T,G:G,0:0,C:C,0:0,0:0,0:0,0:0,0:0,0:0,C:C,0:0,0:0,0:0,0:0,0:0,0:0,0:0,0:0,0:0,0:0,G:G,0:0,G:G,G:G,C:C,0:0,T:T,0:0,0:0,T:T,0:0,0:0,0:0,0:0,G:G,0:0,A:A,A:A,0:0,0:0,0:0,0:0,T:T,0:0,0:0,0:0,0:0,0:0,0:0,0:0,0:0,0:0,0:0,0:0,0:0,0:0,0:0,C:C,0:0,0:0,0:0,0:0,0:0,C:C,0:0,0:0,0:0,0:0,G:G,0:0,G:G,0:0,0:0,0:0,0:0,0:0,0:0,0:0,T:T,C:C,0:0,0:0,0:0,0:0,0:0,0:0,T:T,0:0,0:0,C:C,C:C,0:0,0:0,0:0,0:0,0:0,0:0,0:0,0:0,0:0,0:0,0:0,0:0,0:0,0:0,0:0,0:0,0:0,T:T,T:T,A:A,0:0,0:0,0:0,0:0,0:0,0:0,0:0,0:0,0:0,G:G,0:0,C:C,0:0,0:0,0:0,0:0,0:0,0:0,A:A,0:0,G:G,0:0,0:0,0:0,0:0,C:C,0:0,0:0,C:C,0:0,0:0,0:0,0:0,C:C,0:0,0:0,0:0,0:0,0:0,0:0,0:0,C:C,0:0,0:0,0:0,0:0,0:0,0:0,0:0,0:0,0:0,0:0,0:0,